Title,Link,Snippet
What are the best AI tools that really help companies at the moment ...,https://www.reddit.com/r/Entrepreneur/comments/16lr06h/what_are_the_best_ai_tools_that_really_help/,"Sep 18, 2023 ... I'm asking this since I could imagine to work with these AI app providers and potentionally offer a portfolio of great AI applications to ..."
20 AI Tools To Supercharge Your Business And Productivity,https://www.forbes.com/sites/jodiecook/2023/09/11/20-ai-tools-to-supercharge-your-business-and-productivity/,"Sep 12, 2023 ... 20 AI Tools That Entrepreneurs Can Use Every Day · ChatGPT · Claude 2 · Midjourney · Adobe ADBE +0.9% Photoshop Generative Fill · Automation tools."
What are the best AI tools that ACTUALLY help your business? : r ...,https://www.reddit.com/r/Entrepreneur/comments/1bpvh78/what_are_the_best_ai_tools_that_actually_help/,"Mar 28, 2024 ... Comments Section · Claude is the best chat AI so far. Their latest model is better than ChatGPT · Reply io great for sales and support."
The 15 Best AI Tools for Small Businesses and How to Use Them,https://blog.hubspot.com/sales/small-business-ai-tools,"May 3, 2024 ... HubSpot. HubSpot is a CRM platform that can help you simplify your processes across sales, marketing, and customer support. The platform ..."
Top 10 AI Tools for Business,https://www.simplilearn.com/top-ai-tools-for-business-article,"Sep 12, 2024 ... Top 10 AI Tools for Business: 2024's Game-Changers · 1. ClickUp · 2. ChatGPT · 3. Dall-E · 4. Bricabrac AI · 5. Tome · 6. Second Brain AI · 7. Jasper ..."
The best AI productivity tools in 2025 | Zapier,https://zapier.com/blog/best-ai-productivity-tools/,"Start by giving your assistant access to your company's source of truth in apps like HubSpot, Notion, and Airtable. You can ask it about your data as well as ..."
100 Top AI Companies Trendsetting In 2024,https://www.datamation.com/artificial-intelligence/ai-companies/,"Feb 22, 2024 ... Pipedrive is a cloud-based software company that developed the web and mobile applications of a CRM solution. Pipedrive's CRM platform is ..."
65 Artificial Intelligence (AI) Companies to Know | Built In,https://builtin.com/artificial-intelligence/ai-companies-roundup,InspiringApps is a software development company that collaborates with businesses in various industries on designing and building custom mobile apps. Its team ...
Gemini for Google Workspace | Gen AI Tools for Business,https://workspace.google.com/solutions/ai/,"Learn how Gemini for Workspace brings powerful generative AI features to Gmail, Docs, Sheets and more, with enterprise-grade security and privacy."
32 Top Artificial Intelligence (AI) Apps | Built In,https://builtin.com/artificial-intelligence/ai-apps,Top AI Apps · ChatGPT · Copilot · Gemini · Claude · Dropbox Dash · Grammarly · Ask AI · Snap.
